Event,RelatedEntity
July 2019 Restoration of Tuen Mun Park,People's Republic of China
7 July 2019 Hong Kong anti-extradition bill protest,People's Republic of China
31 March 2019 Hong Kong anti-extradition bill protest,People's Republic of China
July 2019 Restoration of Tuen Mun Park,People's Republic of China
7 July 2019 Hong Kong anti-extradition bill protest,People's Republic of China
31 March 2019 Hong Kong anti-extradition bill protest,People's Republic of China
July 2019 Restoration of Tuen Mun Park,People's Republic of China
7 July 2019 Hong Kong anti-extradition bill protest,People's Republic of China
31 March 2019 Hong Kong anti-extradition bill protest,People's Republic of China
July 2019 Restoration of Tuen Mun Park,People's Republic of China
7 July 2019 Hong Kong anti-extradition bill protest,People's Republic of China
31 March 2019 Hong Kong anti-extradition bill protest,People's Republic of China
July 2019 Restoration of Tuen Mun Park,People's Republic of China
7 July 2019 Hong Kong anti-extradition bill protest,People's Republic of China
31 March 2019 Hong Kong anti-extradition bill protest,People's Republic of China
July 2019 Restoration of Tuen Mun Park,People's Republic of China
7 July 2019 Hong Kong anti-extradition bill protest,People's Republic of China
31 March 2019 Hong Kong anti-extradition bill protest,People's Republic of China
July 2019 Restoration of Tuen Mun Park,People's Republic of China
7 July 2019 Hong Kong anti-extradition bill protest,People's Republic of China
31 March 2019 Hong Kong anti-extradition bill protest,People's Republic of China
July 2019 Restoration of Tuen Mun Park,People's Republic of China
7 July 2019 Hong Kong anti-extradition bill protest,People's Republic of China
31 March 2019 Hong Kong anti-extradition bill protest,People's Republic of China
July 2019 Restoration of Tuen Mun Park,People's Republic of China
7 July 2019 Hong Kong anti-extradition bill protest,People's Republic of China
31 March 2019 Hong Kong anti-extradition bill protest,People's Republic of China
31 March 2019 Hong Kong anti-extradition bill protest,Hong Kong
31 March 2019 Hong Kong anti-extradition bill protest,Hong Kong
31 March 2019 Hong Kong anti-extradition bill protest,Hong Kong
31 March 2019 Hong Kong anti-extradition bill protest,Hong Kong
31 March 2019 Hong Kong anti-extradition bill protest,Hong Kong
31 March 2019 Hong Kong anti-extradition bill protest,Hong Kong
31 March 2019 Hong Kong anti-extradition bill protest,Hong Kong
31 March 2019 Hong Kong anti-extradition bill protest,Hong Kong
31 March 2019 Hong Kong anti-extradition bill protest,Hong Kong
G20 Free Hong Kong Assembly,demonstration
7 July 2019 Hong Kong anti-extradition bill protest,Kowloon
July 2019 Restoration of Tuen Mun Park,religious processional parade
31 March 2019 Hong Kong anti-extradition bill protest,religious processional parade
July 2019 Restoration of Tuen Mun Park,Tuen Mun
July 2019 Restoration of Tuen Mun Park,Tuen Mun Park
7 July 2019 Hong Kong anti-extradition bill protest,WikiProject Hong Kong
7 July 2019 Hong Kong anti-extradition bill protest,2019 Hong Kong extradition bill
July 2019 Restoration of Tuen Mun Park,2019–2020 Hong Kong protests
7 July 2019 Hong Kong anti-extradition bill protest,2019–2020 Hong Kong protests
G20 Free Hong Kong Assembly,2019–2020 Hong Kong protests
31 March 2019 Hong Kong anti-extradition bill protest,2019–2020 Hong Kong protests
July 2019 Restoration of Tuen Mun Park,2019–2020 Hong Kong protests
7 July 2019 Hong Kong anti-extradition bill protest,2019–2020 Hong Kong protests
G20 Free Hong Kong Assembly,2019–2020 Hong Kong protests
31 March 2019 Hong Kong anti-extradition bill protest,2019–2020 Hong Kong protests
7 July 2019 Hong Kong anti-extradition bill protest,WikiProject Hong Kong Politics
28 April 2019 Hong Kong anti-extradition bill protest,People's Republic of China
"hunger strike against extradition bill in Hong Kong, 2019",People's Republic of China
14 July 2019 Hong Kong anti-extradition bill protest,People's Republic of China
28 April 2019 Hong Kong anti-extradition bill protest,People's Republic of China
"hunger strike against extradition bill in Hong Kong, 2019",People's Republic of China
14 July 2019 Hong Kong anti-extradition bill protest,People's Republic of China
28 April 2019 Hong Kong anti-extradition bill protest,People's Republic of China
"hunger strike against extradition bill in Hong Kong, 2019",People's Republic of China
14 July 2019 Hong Kong anti-extradition bill protest,People's Republic of China
28 April 2019 Hong Kong anti-extradition bill protest,People's Republic of China
"hunger strike against extradition bill in Hong Kong, 2019",People's Republic of China
14 July 2019 Hong Kong anti-extradition bill protest,People's Republic of China
28 April 2019 Hong Kong anti-extradition bill protest,People's Republic of China
"hunger strike against extradition bill in Hong Kong, 2019",People's Republic of China
14 July 2019 Hong Kong anti-extradition bill protest,People's Republic of China
28 April 2019 Hong Kong anti-extradition bill protest,People's Republic of China
"hunger strike against extradition bill in Hong Kong, 2019",People's Republic of China
14 July 2019 Hong Kong anti-extradition bill protest,People's Republic of China
28 April 2019 Hong Kong anti-extradition bill protest,People's Republic of China
"hunger strike against extradition bill in Hong Kong, 2019",People's Republic of China
14 July 2019 Hong Kong anti-extradition bill protest,People's Republic of China
28 April 2019 Hong Kong anti-extradition bill protest,People's Republic of China
"hunger strike against extradition bill in Hong Kong, 2019",People's Republic of China
14 July 2019 Hong Kong anti-extradition bill protest,People's Republic of China
28 April 2019 Hong Kong anti-extradition bill protest,People's Republic of China
"hunger strike against extradition bill in Hong Kong, 2019",People's Republic of China
14 July 2019 Hong Kong anti-extradition bill protest,People's Republic of China
28 April 2019 Hong Kong anti-extradition bill protest,Hong Kong
"hunger strike against extradition bill in Hong Kong, 2019",Hong Kong
28 April 2019 Hong Kong anti-extradition bill protest,Hong Kong
"hunger strike against extradition bill in Hong Kong, 2019",Hong Kong
28 April 2019 Hong Kong anti-extradition bill protest,Hong Kong
"hunger strike against extradition bill in Hong Kong, 2019",Hong Kong
28 April 2019 Hong Kong anti-extradition bill protest,Hong Kong
"hunger strike against extradition bill in Hong Kong, 2019",Hong Kong
28 April 2019 Hong Kong anti-extradition bill protest,Hong Kong
"hunger strike against extradition bill in Hong Kong, 2019",Hong Kong
28 April 2019 Hong Kong anti-extradition bill protest,Hong Kong
"hunger strike against extradition bill in Hong Kong, 2019",Hong Kong
28 April 2019 Hong Kong anti-extradition bill protest,Hong Kong
"hunger strike against extradition bill in Hong Kong, 2019",Hong Kong
28 April 2019 Hong Kong anti-extradition bill protest,Hong Kong
"hunger strike against extradition bill in Hong Kong, 2019",Hong Kong
28 April 2019 Hong Kong anti-extradition bill protest,Hong Kong
"hunger strike against extradition bill in Hong Kong, 2019",Hong Kong
"hunger strike against extradition bill in Hong Kong, 2019",hunger strike
"hunger strike against extradition bill in Hong Kong, 2019",hunger strike
